CREATE DATABASE  IF NOT EXISTS `uniminutobd` /*!40100 DEFAULT CHARACTER SET utf8 */;
USE `uniminutobd`;
-- MariaDB dump 10.17  Distrib 10.4.8-MariaDB, for Win64 (AMD64)
--
-- Host: 127.0.0.1    Database: uniminutobd
-- ------------------------------------------------------
-- Server version	10.4.8-MariaDB

/*!40101 SET @OLD_CHARACTER_SET_CLIENT=@@CHARACTER_SET_CLIENT */;
/*!40101 SET @OLD_CHARACTER_SET_RESULTS=@@CHARACTER_SET_RESULTS */;
/*!40101 SET @OLD_COLLATION_CONNECTION=@@COLLATION_CONNECTION */;
/*!40101 SET NAMES utf8 */;
/*!40103 SET @OLD_TIME_ZONE=@@TIME_ZONE */;
/*!40103 SET TIME_ZONE='+00:00' */;
/*!40014 SET @OLD_UNIQUE_CHECKS=@@UNIQUE_CHECKS, UNIQUE_CHECKS=0 */;
/*!40014 SET @OLD_FOREIGN_KEY_CHECKS=@@FOREIGN_KEY_CHECKS, FOREIGN_KEY_CHECKS=0 */;
/*!40101 SET @OLD_SQL_MODE=@@SQL_MODE, SQL_MODE='NO_AUTO_VALUE_ON_ZERO' */;
/*!40111 SET @OLD_SQL_NOTES=@@SQL_NOTES, SQL_NOTES=0 */;

--
-- Table structure for table `ciudades`
--

DROP TABLE IF EXISTS `ciudades`;
/*!40101 SET @saved_cs_client     = @@character_set_client */;
/*!40101 SET character_set_client = utf8 */;
CREATE TABLE `ciudades` (
  `idCiudad` int(11) NOT NULL AUTO_INCREMENT,
  `ciudad` varchar(45) NOT NULL,
  PRIMARY KEY (`idCiudad`)
) ENGINE=InnoDB AUTO_INCREMENT=21 DEFAULT CHARSET=utf8;
/*!40101 SET character_set_client = @saved_cs_client */;

--
-- Dumping data for table `ciudades`
--

LOCK TABLES `ciudades` WRITE;
/*!40000 ALTER TABLE `ciudades` DISABLE KEYS */;
INSERT INTO `ciudades` VALUES (1,'Bogotá'),(2,'Valledupar'),(3,'Popayan'),(4,'Cali'),(5,'Manizales'),(6,'Bucaramanga'),(7,'Medellin'),(8,'Cartagena'),(9,'Medellin'),(10,'Barranquilla'),(11,'Santa Marta'),(12,'Tunja'),(13,'Florencia'),(14,'Monteria'),(15,'Quibdo'),(16,'Neiva'),(17,'Riohacha'),(18,'Villavicencio'),(19,'Pasto'),(20,'Cucuta');
/*!40000 ALTER TABLE `ciudades` ENABLE KEYS */;
UNLOCK TABLES;

--
-- Table structure for table `identificaciones`
--

DROP TABLE IF EXISTS `identificaciones`;
/*!40101 SET @saved_cs_client     = @@character_set_client */;
/*!40101 SET character_set_client = utf8 */;
CREATE TABLE `identificaciones` (
  `idIdentificaciones` int(11) NOT NULL AUTO_INCREMENT,
  `tipoIdentificacion` varchar(45) NOT NULL,
  PRIMARY KEY (`idIdentificaciones`)
) ENGINE=InnoDB AUTO_INCREMENT=4 DEFAULT CHARSET=utf8;
/*!40101 SET character_set_client = @saved_cs_client */;

--
-- Dumping data for table `identificaciones`
--

LOCK TABLES `identificaciones` WRITE;
/*!40000 ALTER TABLE `identificaciones` DISABLE KEYS */;
INSERT INTO `identificaciones` VALUES (1,'C.C'),(2,'NIT'),(3,'Pasaporte');
/*!40000 ALTER TABLE `identificaciones` ENABLE KEYS */;
UNLOCK TABLES;

--
-- Table structure for table `personas`
--

DROP TABLE IF EXISTS `personas`;
/*!40101 SET @saved_cs_client     = @@character_set_client */;
/*!40101 SET character_set_client = utf8 */;
CREATE TABLE `personas` (
  `idPersona` int(11) NOT NULL AUTO_INCREMENT,
  `Nombres` varchar(45) NOT NULL,
  `Apellidos` varchar(45) NOT NULL,
  `Telefono` varchar(45) NOT NULL,
  `CodigoPostal` varchar(45) NOT NULL,
  `FechaNacimiento` date NOT NULL,
  `idLugarNacimiento` int(11) NOT NULL,
  `Sexo` int(11) NOT NULL,
  `idProfesion` int(11) NOT NULL,
  `CorreoElectronico` varchar(45) NOT NULL,
  `idTipoDe Indentificacion` int(11) NOT NULL,
  `NumeroIdentificicacion` varchar(45) NOT NULL,
  PRIMARY KEY (`idPersona`),
  KEY `FK_Sexo` (`Sexo`),
  KEY `FK_idLugarNacimiento` (`idLugarNacimiento`),
  KEY `FK_idProfesion` (`idProfesion`),
  KEY `idTipoIdentificación` (`idTipoDe Indentificacion`),
  CONSTRAINT `FK_Sexo` FOREIGN KEY (`Sexo`) REFERENCES `sexo` (`idSexo`) ON DELETE NO ACTION ON UPDATE NO ACTION,
  CONSTRAINT `FK_idLugarNacimiento` FOREIGN KEY (`idLugarNacimiento`) REFERENCES `ciudades` (`idCiudad`) ON DELETE NO ACTION ON UPDATE NO ACTION,
  CONSTRAINT `FK_idProfesion` FOREIGN KEY (`idProfesion`) REFERENCES `profesiones` (`idProfesiones`) ON DELETE NO ACTION ON UPDATE NO ACTION,
  CONSTRAINT `idTipoIdentificación` FOREIGN KEY (`idTipoDe Indentificacion`) REFERENCES `identificaciones` (`idIdentificaciones`) ON DELETE NO ACTION ON UPDATE NO ACTION
) ENGINE=InnoDB AUTO_INCREMENT=634 DEFAULT CHARSET=utf8;
/*!40101 SET character_set_client = @saved_cs_client */;

--
-- Dumping data for table `personas`
--

LOCK TABLES `personas` WRITE;
/*!40000 ALTER TABLE `personas` DISABLE KEYS */;
INSERT INTO `personas` VALUES (1,'Ana Maria','Medina','2044307','2427','1977-03-26',12,2,15,'Ana Maria368@gmail.com',2,'1'),(2,'Angel','Cortes','3747060','5315','1960-12-12',4,1,15,'Angel369@gmail.com',2,'3'),(3,'Sergio','Vargas','4583743','4687','1969-12-26',4,1,10,'Sergio370@gmail.com',3,'2'),(4,'Felipe','Moreno','9331424','4737','1994-10-01',14,1,10,'Felipe371@gmail.com',3,'1'),(5,'Pablo','Gomez','3936072','4562','1969-10-05',20,1,6,'Pablo372@gmail.com',3,'2'),(6,'Julian','Garcia','9586671','4354','1985-01-04',14,1,20,'Julian373@gmail.com',3,'3'),(7,'Catalina','Rodriguez','563102','1806','1980-06-15',13,2,4,'Catalina374@gmail.com',3,'1'),(8,'Pilar','Lopez','8424764','7834','1996-08-13',3,2,4,'Pilar375@gmail.com',3,'3'),(9,'Pilar','Hernandez','6579106','2323','1954-07-15',8,2,21,'Pilar376@gmail.com',1,'3'),(10,'Maria','Rincon','8524954','8293','1956-02-22',12,2,10,'Maria377@gmail.com',1,'1'),(11,'Rosa','Arias','5945835','2085','1993-05-31',11,2,19,'Rosa378@gmail.com',3,'3'),(12,'Johan','Ramirez','4654813','444','1953-04-15',9,1,22,'Johan379@gmail.com',3,'3'),(13,'Pedro','Osorio','7442233','1632','1990-03-18',18,1,17,'Pedro380@gmail.com',1,'1'),(14,'Rosa','Sanchez','4165326','24','1953-12-31',4,2,17,'Rosa381@gmail.com',1,'1'),(15,'Josefa','Medina','6011767','7792','1964-05-02',9,2,22,'Josefa382@gmail.com',3,'1'),(16,'Angel','Escobar','4653099','7047','1983-11-08',2,1,11,'Angel383@gmail.com',2,'1'),(17,'Alvaro','Gonzales','7995319','6410','1959-02-07',20,1,9,'Alvaro384@gmail.com',3,'2'),(18,'Lucas','Cardona','9234453','3151','2000-04-06',6,1,5,'Lucas385@gmail.com',1,'2'),(19,'Marcos','Alvarez','5488846','3477','1961-11-21',7,1,6,'Marcos386@gmail.com',3,'2'),(20,'Sofia','Jimenez','1662697','4456','1968-07-21',9,2,22,'Sofia387@gmail.com',2,'2'),(21,'David','Mejia','2131937','5586','1992-09-13',1,1,3,'David388@gmail.com',3,'2'),(22,'Pablo','Rincon','4697893','778','1960-04-10',8,1,3,'Pablo389@gmail.com',2,'1'),(23,'Patricia','Alvarez','6264787','8118','1968-01-07',20,2,18,'Patricia390@gmail.com',1,'2'),(24,'Pilar','Giraldo','1733334','7383','1956-03-27',19,2,3,'Pilar391@gmail.com',1,'2'),(25,'Angel','Cardona','1033982','7948','1974-08-11',4,1,14,'Angel392@gmail.com',3,'1'),(26,'Alvaro','Sanchez','188815','3707','1998-03-17',11,1,13,'Alvaro393@gmail.com',3,'1'),(27,'Jorge','Diaz','4848024','9187','1953-05-16',4,1,9,'Jorge394@gmail.com',2,'3'),(28,'Antonio','Ortiz','5060612','3124','1968-04-25',19,1,8,'Antonio395@gmail.com',3,'2'),(29,'Irene','Florez','8966490','5936','1986-10-20',3,2,1,'Irene396@gmail.com',2,'1'),(30,'John','Cardona','7203401','1783','1982-02-09',4,1,9,'John397@gmail.com',1,'1'),(31,'Carmen','Castillo','3055443','6084','1994-12-14',12,2,21,'Carmen398@gmail.com',3,'2'),(32,'Lucas','Medina','6310629','2260','1985-04-28',17,1,19,'Lucas399@gmail.com',2,'3'),(33,'Amparo','Gutierez','9578742','8711','1988-10-25',3,2,19,'Amparo400@gmail.com',3,'1'),(34,'Myriam','Gonzales','6526211','8121','1987-04-16',6,2,11,'Myriam401@gmail.com',3,'1'),(35,'Josefa','Vargas','5961024','3892','1957-05-10',1,2,9,'Josefa402@gmail.com',2,'1'),(36,'Maria','Hernandez','9499712','8808','1996-07-21',10,2,5,'Maria403@gmail.com',1,'2'),(37,'Eva','Quintero','813165','5013','1998-12-01',16,2,14,'Eva404@gmail.com',2,'1'),(38,'Paula','Jimenez','7296104','5419','1977-04-16',15,2,12,'Paula405@gmail.com',3,'3'),(39,'Carolina','Alvarez','133646','7748','1999-03-18',1,2,14,'Carolina406@gmail.com',1,'3'),(40,'Alvaro','Ortiz','5665094','8172','1999-02-07',14,1,3,'Alvaro407@gmail.com',2,'3'),(41,'Irene','Perez','8486421','7396','1972-12-10',11,2,14,'Irene408@gmail.com',3,'2'),(42,'Patricia','Sanchez','7008071','6464','1963-03-07',16,2,19,'Patricia409@gmail.com',3,'2'),(43,'Antonio','Valencia','2623950','3473','1987-09-12',12,1,16,'Antonio410@gmail.com',2,'3'),(44,'Rosa','Martinez','5165784','4606','1999-10-28',11,2,15,'Rosa411@gmail.com',2,'3'),(45,'Nicolas','Torres','4007487','1499','1959-04-19',12,1,17,'Nicolas412@gmail.com',2,'3'),(46,'Patricia','Gomez','9568594','7281','1987-02-28',5,2,20,'Patricia413@gmail.com',1,'1'),(47,'Ana','Moreno','7029318','1340','1965-11-27',16,2,8,'Ana414@gmail.com',1,'1'),(48,'Lucas','Escobar','993977','1729','1975-07-09',1,1,12,'Lucas415@gmail.com',1,'3'),(49,'Antonio','Marin','535351','6972','1976-02-28',17,1,19,'Antonio416@gmail.com',3,'1'),(50,'Leonor','Arias','2281895','1123','1985-11-28',20,2,9,'Leonor417@gmail.com',2,'1'),(51,'Ana','Rivera','7272622','7087','1994-08-06',1,2,11,'Ana418@gmail.com',3,'1'),(52,'Carmen','Castillo','4955793','9840','1983-03-23',3,2,17,'Carmen419@gmail.com',3,'1'),(53,'Nicolas','Perez','4154439','599','1998-03-12',14,1,1,'Nicolas420@gmail.com',3,'3'),(54,'Sebastian','Gutierez','2341745','4763','1973-08-26',17,1,7,'Sebastian421@gmail.com',3,'2'),(55,'Michael','Muñoz','2474591','7398','1972-12-27',18,1,13,'Michael422@gmail.com',1,'1'),(56,'Alvaro','Rodriguez','4996229','2518','1998-06-21',16,1,20,'Alvaro423@gmail.com',2,'2'),(57,'Juana','Cardenas','2358706','7010','1976-09-08',13,2,5,'Juana424@gmail.com',1,'3'),(58,'Antonio','Hernandez','9038228','5146','1988-04-25',13,1,17,'Antonio425@gmail.com',1,'1'),(59,'Miguel','Montoya','7481243','6124','1972-02-17',3,1,8,'Miguel426@gmail.com',3,'2'),(60,'Antonio','Jaramillo','9296635','2037','1967-10-19',12,1,14,'Antonio427@gmail.com',1,'3'),(61,'Sofia','Florez','1285721','8170','1962-08-20',4,2,2,'Sofia428@gmail.com',3,'1'),(62,'Maria','Suarez','9461149','4583','1968-11-14',18,2,4,'Maria429@gmail.com',2,'1'),(63,'Carmen','Giraldo','3226991','2595','1968-11-21',6,2,7,'Carmen430@gmail.com',1,'3'),(64,'Marcos','Parra','1064126','8766','1993-07-04',2,1,7,'Marcos431@gmail.com',1,'1'),(65,'David','Vargas','5730016','9555','1993-11-01',2,1,3,'David432@gmail.com',3,'3'),(66,'Sofia','Martinez','2991506','6174','1983-01-30',5,2,19,'Sofia433@gmail.com',1,'3'),(67,'Cesar','Restrepo','9170664','4231','1955-08-23',13,1,14,'Cesar434@gmail.com',1,'2'),(68,'Mateo','Rivera','7160791','3644','1952-04-10',18,1,5,'Mateo435@gmail.com',1,'1'),(69,'Josefa','Cardenas','1990293','8599','1956-01-16',6,2,22,'Josefa436@gmail.com',2,'1'),(70,'Irene','Moreno','3319770','8129','1996-08-04',1,2,15,'Irene437@gmail.com',3,'3'),(71,'Angel','Castillo','6535830','2636','1956-12-21',20,1,10,'Angel438@gmail.com',1,'1'),(72,'Manuel','Castro','3886623','5298','1977-01-05',1,1,7,'Manuel439@gmail.com',1,'1'),(73,'Antonio','Jaramillo','3068027','9591','1966-10-23',16,1,7,'Antonio440@gmail.com',3,'3'),(74,'Irene','Velasquez','6114415','6036','1987-11-24',5,2,7,'Irene441@gmail.com',2,'1'),(75,'Ana','Cardona','6018437','5090','1973-11-03',18,2,18,'Ana442@gmail.com',1,'3'),(76,'Michael','Cardenas','4333568','4226','1981-11-06',13,1,9,'Michael443@gmail.com',1,'1'),(77,'Lucas','Muñoz','8635364','8748','1987-11-04',13,1,3,'Lucas444@gmail.com',2,'2'),(78,'Patricia','Zapata','5786459','5977','1991-03-13',5,2,2,'Patricia445@gmail.com',3,'3'),(79,'Carlos','Rojas','6993959','2205','1973-02-24',11,1,8,'Carlos446@gmail.com',2,'3'),(80,'Lucas','Osorio','3769150','5776','1980-02-14',20,1,14,'Lucas447@gmail.com',3,'3'),(81,'Amparo','Salazar','8528114','3663','1983-07-04',16,2,9,'Amparo448@gmail.com',1,'2'),(82,'Cesar','Castro','6055503','8659','1988-08-25',20,1,3,'Cesar449@gmail.com',2,'1'),(83,'Carmen','Montoya','7062824','7125','1950-05-30',10,2,4,'Carmen450@gmail.com',2,'3'),(84,'Amparo','Castillo','2486611','1382','1976-11-17',9,2,21,'Amparo451@gmail.com',3,'3'),(85,'Patricia','Zapata','8295027','2755','1966-09-19',16,2,11,'Patricia452@gmail.com',2,'1'),(86,'Jesus','Cortes','6220059','5460','2000-05-07',7,1,3,'Jesus453@gmail.com',2,'2'),(87,'Carolina','Gutierez','1017097','2355','1972-05-04',11,2,17,'Carolina454@gmail.com',2,'2'),(88,'Johan','Salazar','9474522','3732','1990-06-26',17,1,18,'Johan455@gmail.com',1,'1'),(89,'Luisa','Giraldo','8547433','2689','1990-01-28',7,2,19,'Luisa456@gmail.com',1,'2'),(90,'Elena','Ortiz','8169687','1393','1986-07-20',16,2,4,'Elena457@gmail.com',2,'2'),(91,'Elena','Zapata','6992980','6816','1978-05-13',16,2,17,'Elena458@gmail.com',1,'2'),(92,'Pablo','Alvarez','5112383','6125','1997-03-23',5,1,18,'Pablo459@gmail.com',1,'3'),(93,'Sebastian','Alvarez','6503718','5015','1955-05-04',12,1,2,'Sebastian460@gmail.com',2,'2'),(94,'Juana','Suarez','8248755','7653','1976-03-01',7,2,3,'Juana461@gmail.com',2,'2'),(95,'Alvaro','Rincon','4692894','8288','1993-01-20',4,1,7,'Alvaro462@gmail.com',1,'3'),(96,'Jorge','Mejia','6889655','9360','1980-04-01',19,1,21,'Jorge463@gmail.com',3,'3'),(97,'Jesus','Restrepo','8210989','7551','1983-02-10',4,1,15,'Jesus464@gmail.com',2,'3'),(98,'Rosa','Jimenez','3091379','7364','1965-01-03',9,2,1,'Rosa465@gmail.com',3,'2'),(99,'Jorge','Mejia','6117463','4803','1979-08-19',4,1,1,'Jorge466@gmail.com',1,'2'),(100,'Alvaro','Giraldo','8874293','974','1991-11-03',12,1,8,'Alvaro467@gmail.com',3,'2'),(101,'Manuel','Hernandez','3451695','1128','1962-02-28',4,1,7,'Manuel468@gmail.com',1,'3'),(102,'Cesar','Gomez','9494383','2641','1980-10-04',4,1,7,'Cesar469@gmail.com',2,'3'),(103,'Antonio','Cortes','3241956','2958','1995-11-14',2,1,11,'Antonio470@gmail.com',1,'3'),(104,'Lucas','Rodriguez','3322771','1583','1988-06-20',17,1,14,'Lucas471@gmail.com',1,'3'),(105,'Carlos','Lopez','2305822','8487','1956-01-30',18,1,9,'Carlos472@gmail.com',3,'3'),(106,'Angel','Giraldo','5279887','8997','1963-07-03',8,1,2,'Angel473@gmail.com',2,'1'),(107,'Elena','Cardona','9503296','1458','1963-04-30',4,2,1,'Elena474@gmail.com',1,'3'),(108,'Ana Maria','Jaramillo','1427155','1477','1950-07-30',16,2,16,'Ana Maria475@gmail.com',3,'1'),(109,'Lucas','Rivera','2739723','9124','1963-10-08',12,1,12,'Lucas476@gmail.com',1,'1'),(110,'Ana','Torres','921360','4427','1953-12-11',3,2,9,'Ana477@gmail.com',2,'3'),(111,'Johan','Herrera','2832971','4404','1994-03-19',2,1,11,'Johan478@gmail.com',3,'1'),(112,'Elena','Ortiz','9735790','7360','1959-03-24',7,2,16,'Elena479@gmail.com',3,'1'),(113,'Alvaro','Montoya','2430482','1853','1968-08-05',19,1,22,'Alvaro480@gmail.com',3,'2'),(114,'Ana','Muñoz','466806','5294','1989-10-26',13,2,4,'Ana481@gmail.com',3,'2'),(115,'Lucas','Rojas','7277729','1105','1965-01-21',2,1,19,'Lucas482@gmail.com',2,'1'),(116,'Sara','Herrera','9262674','4449','1964-02-13',5,2,7,'Sara483@gmail.com',1,'2'),(117,'Antonio','Gomez','5310144','5787','1973-01-01',20,1,18,'Antonio484@gmail.com',3,'3'),(118,'Sofia','Castillo','4989943','9370','1971-10-30',2,2,8,'Sofia485@gmail.com',1,'3'),(119,'Michael','Castillo','7994169','7273','1990-02-25',5,1,2,'Michael486@gmail.com',2,'1'),(120,'Sara','Cardenas','5716592','2766','1973-02-27',12,2,9,'Sara487@gmail.com',2,'3'),(121,'David','Valencia','4027000','311','1962-02-06',2,1,16,'David488@gmail.com',1,'2'),(122,'Ana Maria','Torres','2435065','8003','1962-10-05',10,2,15,'Ana Maria489@gmail.com',2,'3'),(123,'Luisa','Rojas','584922','6568','1957-04-27',9,2,18,'Luisa490@gmail.com',3,'2'),(124,'Felipe','Muñoz','1634654','8619','1975-11-09',16,1,11,'Felipe491@gmail.com',3,'3'),(125,'Johan','Rivera','3671536','5342','1969-11-08',17,1,15,'Johan492@gmail.com',2,'2'),(126,'Leonor','Gomez','4293497','4497','1966-10-14',18,2,20,'Leonor493@gmail.com',3,'1'),(127,'Pilar','Hernandez','363270','1446','1971-05-03',18,2,4,'Pilar494@gmail.com',3,'2'),(128,'Amparo','Rojas','4495822','2789','1990-07-23',15,2,17,'Amparo495@gmail.com',3,'1'),(129,'Alejandra','Rincon','9702521','4996','1967-06-07',5,2,16,'Alejandra496@gmail.com',3,'2'),(130,'Leonor','Gutierez','2059336','4297','1950-07-13',4,2,9,'Leonor497@gmail.com',2,'1'),(131,'Sofia','Florez','189717','8228','1976-08-23',1,2,5,'Sofia498@gmail.com',3,'2'),(132,'Julian','Mejia','9118588','5965','1981-08-31',4,1,3,'Julian499@gmail.com',1,'3'),(133,'Lidia','Marin','4034125','358','1959-06-25',19,2,15,'Lidia500@gmail.com',3,'2'),(134,'Carlos','Escobar','4859456','4562','1981-08-05',10,1,10,'Carlos501@gmail.com',2,'1'),(135,'Patricia','Parra','7018122','3187','1960-03-22',20,2,18,'Patricia502@gmail.com',2,'3'),(136,'Pablo','Mejia','7812950','9376','1986-02-01',17,1,19,'Pablo503@gmail.com',1,'3'),(137,'Lucas','Ramirez','7707807','715','1950-02-23',18,1,15,'Lucas504@gmail.com',1,'1'),(138,'Paula','Mejia','4037470','6065','1966-04-02',7,2,18,'Paula505@gmail.com',1,'1'),(139,'Sebastian','Jaramillo','7220692','4261','1994-02-08',14,1,6,'Sebastian506@gmail.com',1,'1'),(140,'Jorge','Ortiz','7860349','4461','1984-08-23',16,1,8,'Jorge507@gmail.com',3,'2'),(141,'Patricia','Escobar','6473167','7134','1991-12-17',2,2,15,'Patricia508@gmail.com',1,'2'),(142,'Sebastian','Arias','793671','9240','1951-12-22',6,1,4,'Sebastian509@gmail.com',1,'1'),(143,'Sergio','Medina','9130227','6775','1981-06-02',3,1,12,'Sergio510@gmail.com',2,'1'),(144,'Sebastian','Ortiz','2936263','9697','1971-07-08',16,1,19,'Sebastian511@gmail.com',1,'2'),(145,'Felipe','Herrera','6939779','7728','1995-04-16',11,1,2,'Felipe512@gmail.com',1,'1'),(146,'Ana','Martinez','9242674','8454','1959-01-11',7,2,17,'Ana513@gmail.com',3,'2'),(147,'Josefa','Giraldo','8044693','1252','1962-08-15',2,2,6,'Josefa514@gmail.com',3,'1'),(148,'Manuel','Quintero','3068649','5484','1991-12-09',2,1,19,'Manuel515@gmail.com',3,'1'),(149,'Julian','Sanchez','5737460','400','1995-12-04',16,1,11,'Julian516@gmail.com',1,'3'),(150,'Irene','Moreno','9447822','4286','1980-10-01',15,2,14,'Irene517@gmail.com',2,'1'),(151,'Elena','Florez','4183313','7012','1969-12-21',9,2,3,'Elena518@gmail.com',3,'3'),(152,'Pilar','Hernandez','6641460','9127','1965-05-19',20,2,22,'Pilar519@gmail.com',1,'2'),(153,'Cesar','Cortes','2335302','6183','1994-04-19',9,1,7,'Cesar520@gmail.com',1,'1'),(154,'Johan','Diaz','3126094','2759','1950-12-31',17,1,10,'Johan521@gmail.com',1,'2'),(155,'Lucas','Restrepo','7765005','6849','1956-04-12',20,1,9,'Lucas522@gmail.com',1,'2'),(156,'Antonio','Hernandez','7805958','1621','1995-04-28',2,1,5,'Antonio523@gmail.com',1,'2'),(157,'Manuel','Salazar','7820185','4610','1995-07-23',2,1,22,'Manuel524@gmail.com',3,'3'),(158,'Alejandra','Ruiz','8789605','3057','1970-10-15',2,2,20,'Alejandra525@gmail.com',2,'2'),(159,'Amparo','Castillo','7499165','5570','1987-08-19',13,2,7,'Amparo526@gmail.com',1,'1'),(160,'Ana','Jimenez','3453574','5941','1950-11-20',3,2,8,'Ana527@gmail.com',2,'2'),(161,'Sergio','Zapata','7023386','1738','2000-05-19',3,1,8,'Sergio528@gmail.com',1,'3'),(162,'Luis','Rivera','3099503','1281','1966-06-19',3,1,3,'Luis529@gmail.com',1,'2'),(163,'Michael','Florez','9335387','8645','1989-01-27',17,1,6,'Michael530@gmail.com',2,'3'),(164,'Mateo','Cortes','5632583','3119','1976-11-07',20,1,16,'Mateo531@gmail.com',2,'3'),(165,'Amparo','Diaz','9909274','1662','1971-08-16',12,2,3,'Amparo532@gmail.com',2,'1'),(166,'Juana','Medina','1155342','7252','1985-12-27',8,2,11,'Juana533@gmail.com',2,'1'),(167,'Sara','Escobar','1312904','6580','1986-09-11',7,2,20,'Sara534@gmail.com',3,'1'),(168,'Leonor','Ramirez','7956867','7206','1958-09-04',14,2,3,'Leonor535@gmail.com',2,'3'),(169,'Ana Maria','Muñoz','103006','3432','1970-02-17',9,2,2,'Ana Maria536@gmail.com',1,'2'),(170,'Marcos','Ruiz','327783','4293','1990-12-11',18,1,8,'Marcos537@gmail.com',1,'2'),(171,'Pedro','Ruiz','7782130','5967','1954-03-10',16,1,14,'Pedro538@gmail.com',3,'1'),(172,'Alvaro','Moralez','8158567','3723','1961-10-23',7,1,2,'Alvaro539@gmail.com',1,'1'),(173,'Victoria','Gomez','3834473','7319','1993-12-02',6,2,2,'Victoria540@gmail.com',2,'1'),(174,'Rosa','Alvarez','64746','8238','1951-04-21',18,2,11,'Rosa541@gmail.com',2,'3'),(175,'Luisa','Rivera','2139868','9411','1958-01-21',6,2,9,'Luisa542@gmail.com',3,'3'),(176,'Sergio','Romero','3477422','7871','1984-04-02',18,1,18,'Sergio543@gmail.com',3,'1'),(177,'Leonor','Escobar','1413709','7380','1991-11-18',9,2,9,'Leonor544@gmail.com',3,'3'),(178,'Felipe','Herrera','3860876','1698','1973-12-05',20,1,6,'Felipe545@gmail.com',1,'3'),(179,'Jesus','Montoya','1526333','3746','1978-03-25',8,1,8,'Jesus546@gmail.com',3,'3'),(180,'Ana','Jimenez','1058133','9139','1972-12-14',3,2,5,'Ana547@gmail.com',2,'3'),(181,'Elena','Osorio','5628293','1170','1965-05-29',14,2,22,'Elena548@gmail.com',2,'1'),(182,'Pedro','Suarez','9277493','2830','1950-01-14',6,1,16,'Pedro549@gmail.com',2,'1'),(183,'Sebastian','Medina','9676337','9058','1950-04-26',17,1,18,'Sebastian550@gmail.com',2,'1'),(184,'Jorge','Vargas','1943090','7540','1999-04-03',7,1,9,'Jorge551@gmail.com',3,'1'),(185,'Julian','Giraldo','7166217','2307','1963-01-09',4,1,9,'Julian552@gmail.com',3,'3'),(186,'Carlos','Gonzales','7534911','4512','1992-07-04',2,1,3,'Carlos553@gmail.com',2,'2'),(187,'Ana Maria','Montoya','5298593','159','1962-11-25',4,2,6,'Ana Maria554@gmail.com',1,'3'),(188,'Alejandra','Castro','4601315','3869','1954-12-21',10,2,3,'Alejandra555@gmail.com',2,'2'),(189,'Marcos','Gomez','6318058','7393','1979-12-22',9,1,14,'Marcos556@gmail.com',1,'3'),(190,'Victoria','Lopez','5771319','9888','1951-07-21',11,2,20,'Victoria557@gmail.com',2,'1'),(191,'Ana Maria','Perez','2976231','7080','1988-05-27',10,2,1,'Ana Maria558@gmail.com',1,'1'),(192,'Daniela','Torres','2225500','1928','1999-01-25',10,2,4,'Daniela559@gmail.com',2,'2'),(193,'Sara','Correa','2800195','5509','1967-11-29',4,2,15,'Sara560@gmail.com',1,'1'),(194,'Marcos','Diaz','2572173','3805','1964-02-16',11,1,20,'Marcos561@gmail.com',2,'2'),(195,'Lidia','Suarez','1638284','2213','1995-12-09',18,2,9,'Lidia562@gmail.com',1,'1'),(196,'Amparo','Salazar','7257517','4649','1969-04-18',15,2,7,'Amparo563@gmail.com',2,'2'),(197,'Carmen','Montoya','1566196','6175','1964-05-24',5,2,21,'Carmen564@gmail.com',2,'1'),(198,'Lucas','Zapata','821287','6611','1995-06-25',1,1,22,'Lucas565@gmail.com',1,'1'),(199,'Myriam','Suarez','2146015','8496','1967-06-21',15,2,15,'Myriam566@gmail.com',1,'3'),(200,'Luisa','Suarez','6768816','8479','1973-05-07',20,2,11,'Luisa567@gmail.com',2,'1'),(201,'Manuel','Castro','1936383','287','1994-02-16',18,1,3,'Manuel568@gmail.com',1,'2'),(202,'Angel','Ruiz','1309617','7179','1994-01-26',7,1,14,'Angel569@gmail.com',3,'3'),(203,'Carmen','Perez','469621','5952','1968-11-09',19,2,20,'Carmen570@gmail.com',1,'2'),(204,'Rosa','Rojas','3425632','1261','1998-08-03',12,2,10,'Rosa571@gmail.com',3,'2'),(205,'David','Torres','276002','8043','1980-07-11',15,1,11,'David572@gmail.com',1,'3'),(206,'Felipe','Osorio','5859966','5875','1967-01-08',12,1,21,'Felipe573@gmail.com',3,'3'),(207,'John','Martinez','6299969','2599','1956-11-09',17,1,19,'John574@gmail.com',3,'3'),(208,'Ana','Moreno','8809913','8160','1997-09-29',6,2,15,'Ana575@gmail.com',1,'3'),(209,'Paula','Giraldo','2790274','8398','1988-12-31',7,2,11,'Paula576@gmail.com',1,'2'),(210,'Nicolas','Martinez','9985614','5441','1981-09-14',12,1,8,'Nicolas577@gmail.com',1,'2'),(211,'Josefa','Romero','8746688','469','1950-03-03',16,2,20,'Josefa578@gmail.com',2,'1'),(212,'Cesar','Giraldo','8845456','7917','1960-11-27',3,1,4,'Cesar579@gmail.com',2,'1'),(213,'Ana','Hernandez','4780034','5953','1954-02-08',12,2,5,'Ana580@gmail.com',3,'3'),(214,'Luisa','Velasquez','2298164','8505','1986-05-17',7,2,14,'Luisa581@gmail.com',2,'2'),(215,'Carmen','Rincon','1018034','8092','1962-04-11',15,2,14,'Carmen582@gmail.com',2,'3'),(216,'Sara','Ortiz','4994680','7894','1974-05-17',9,2,13,'Sara583@gmail.com',2,'1'),(217,'Josefa','Marin','5914530','3592','1985-01-07',15,2,12,'Josefa584@gmail.com',2,'2'),(218,'Luis','Alvarez','1014603','4557','1982-05-12',7,1,18,'Luis585@gmail.com',2,'1'),(219,'Pilar','Rivera','4659641','7403','1996-02-09',4,2,14,'Pilar586@gmail.com',1,'3'),(220,'Lidia','Moreno','9745049','1002','1998-06-16',6,2,4,'Lidia587@gmail.com',3,'3'),(221,'Antonio','Castillo','7728345','2412','1991-11-03',4,1,2,'Antonio588@gmail.com',1,'3'),(222,'Antonio','Zapata','6985925','6826','1966-12-26',8,1,18,'Antonio589@gmail.com',2,'3'),(223,'Lucas','Ruiz','1048389','5489','1976-01-29',5,1,13,'Lucas590@gmail.com',1,'1'),(224,'Carolina','Restrepo','695125','653','1956-12-09',10,2,18,'Carolina591@gmail.com',2,'1'),(225,'Sergio','Zapata','9637322','4777','1988-09-17',16,1,4,'Sergio592@gmail.com',2,'2'),(226,'Daniela','Castillo','7679347','526','1955-02-13',8,2,12,'Daniela593@gmail.com',2,'1'),(227,'Leonor','Osorio','3394226','102','1996-12-28',14,2,8,'Leonor594@gmail.com',2,'3'),(228,'Ana Maria','Ruiz','4278760','1381','1967-09-19',19,2,22,'Ana Maria595@gmail.com',1,'2'),(229,'Pedro','Cortes','3293721','1452','1977-05-23',2,1,2,'Pedro596@gmail.com',2,'1'),(230,'Leonor','Rodriguez','7493473','8379','1972-09-16',2,2,13,'Leonor597@gmail.com',2,'3'),(231,'Luis','Diaz','6496989','2201','1965-03-30',9,1,14,'Luis598@gmail.com',3,'1'),(232,'Lidia','Ramirez','7831977','2683','1982-06-23',4,2,4,'Lidia599@gmail.com',1,'3'),(233,'Sebastian','Florez','2063771','9883','1958-08-27',9,1,6,'Sebastian600@gmail.com',3,'1'),(234,'Luis','Herrera','6670492','7272','1967-08-18',8,1,22,'Luis601@gmail.com',2,'3'),(235,'Maria','Cortes','3936857','9121','1991-01-04',20,2,2,'Maria602@gmail.com',1,'1'),(236,'Jorge','Velasquez','7310568','2045','1989-07-04',20,1,8,'Jorge603@gmail.com',2,'2'),(237,'Michael','Cardenas','2811130','7766','1979-02-02',20,1,9,'Michael604@gmail.com',2,'2'),(238,'Rosa','Perez','3891788','1159','1981-06-23',11,2,16,'Rosa605@gmail.com',3,'3'),(239,'Ana Maria','Ruiz','3246217','8253','1965-08-17',12,2,17,'Ana Maria606@gmail.com',3,'2'),(240,'Elena','Ramirez','7507465','9866','1978-10-26',18,2,5,'Elena607@gmail.com',3,'1'),(241,'Irene','Gomez','1007697','3961','1983-08-28',18,2,4,'Irene608@gmail.com',1,'2'),(242,'Antonio','Velasquez','6403081','198','1999-03-14',5,1,1,'Antonio609@gmail.com',3,'1'),(243,'Sara','Rojas','8917402','3257','1974-09-21',17,2,3,'Sara610@gmail.com',3,'2'),(244,'Patricia','Torres','2097477','4308','1971-07-16',15,2,12,'Patricia611@gmail.com',2,'2'),(245,'Luisa','Cardenas','7468566','7791','1993-03-09',20,2,5,'Luisa612@gmail.com',2,'3'),(246,'Lucas','Vargas','6212502','4238','1961-01-29',11,1,4,'Lucas613@gmail.com',1,'3'),(247,'Rosa','Marin','844845','3046','1971-01-01',8,2,15,'Rosa614@gmail.com',1,'1'),(248,'Luisa','Gomez','2252966','7699','1976-10-18',16,2,19,'Luisa615@gmail.com',1,'2'),(249,'Luisa','Jimenez','5720852','7578','1961-07-25',5,2,13,'Luisa616@gmail.com',2,'1'),(250,'John','Torres','1539756','476','1992-01-17',12,1,9,'John617@gmail.com',3,'1'),(251,'Felipe','Romero','1981873','7769','1965-11-17',9,1,16,'Felipe618@gmail.com',3,'3'),(252,'Nicolas','Mejia','4927589','8321','1964-03-21',16,1,10,'Nicolas619@gmail.com',2,'2'),(253,'Ana','Hernandez','3166465','60','1964-12-07',10,2,11,'Ana620@gmail.com',3,'3'),(254,'Lidia','Arias','9266809','156','1999-07-23',11,2,2,'Lidia621@gmail.com',2,'1'),(255,'Angel','Gonzales','3611504','6094','1967-03-07',17,1,13,'Angel622@gmail.com',2,'1'),(256,'Cesar','Lopez','5196206','1895','1975-09-07',3,1,14,'Cesar623@gmail.com',1,'1'),(257,'Miguel','Salazar','6786822','4082','1976-05-06',10,1,15,'Miguel624@gmail.com',2,'1'),(258,'Carlos','Mejia','6650294','7742','1997-11-21',4,1,15,'Carlos625@gmail.com',3,'2'),(259,'Michael','Montoya','9687216','3998','1977-01-13',5,1,6,'Michael626@gmail.com',1,'1'),(260,'Maria','Hernandez','1267608','6129','1965-03-14',6,2,12,'Maria627@gmail.com',3,'2'),(261,'Luisa','Garcia','5162889','4619','1959-05-22',8,2,22,'Luisa628@gmail.com',1,'1'),(262,'Nicolas','Giraldo','9003069','7932','1998-06-26',14,1,2,'Nicolas629@gmail.com',2,'1'),(263,'Lucas','Salazar','3193849','7181','1960-08-01',16,1,4,'Lucas630@gmail.com',3,'2'),(264,'Carmen','Ruiz','5952713','9086','1992-09-03',9,2,11,'Carmen631@gmail.com',3,'2'),(265,'Cesar','Moreno','3046790','6752','1978-11-20',11,1,16,'Cesar632@gmail.com',1,'3'),(266,'Cesar','Escobar','4437197','1280','1993-03-27',1,1,11,'Cesar633@gmail.com',2,'1'),(267,'Miguel','Florez','7410387','7036','1973-01-01',11,1,8,'Miguel634@gmail.com',2,'2'),(268,'Nicolas','Ortiz','4474405','8023','1974-12-04',19,1,6,'Nicolas635@gmail.com',2,'3'),(269,'Alvaro','Correa','2621670','3826','1976-01-19',5,1,17,'Alvaro636@gmail.com',1,'3'),(270,'Pedro','Velasquez','7082789','8070','1985-07-22',3,1,16,'Pedro637@gmail.com',3,'3'),(271,'Sofia','Romero','3325577','3851','1993-09-23',5,2,11,'Sofia638@gmail.com',2,'3'),(272,'Myriam','Velasquez','5546190','9637','1961-10-28',7,2,14,'Myriam639@gmail.com',3,'2'),(273,'Myriam','Martinez','6924346','9429','1950-11-29',7,2,5,'Myriam640@gmail.com',2,'2'),(274,'Daniela','Ruiz','6457000','2305','1955-08-04',5,2,13,'Daniela641@gmail.com',3,'2'),(275,'Daniela','Cortes','1263885','646','1957-03-20',14,2,14,'Daniela642@gmail.com',2,'3'),(276,'Ana','Gutierez','625379','5427','1966-03-09',3,2,22,'Ana643@gmail.com',1,'2'),(277,'Angel','Gonzales','5680686','9311','1971-06-08',6,1,16,'Angel644@gmail.com',2,'2'),(278,'Ana','Hernandez','2854686','3423','1992-03-04',2,2,1,'Ana645@gmail.com',3,'2'),(279,'Leonor','Romero','23536','6663','1953-03-02',1,2,5,'Leonor646@gmail.com',1,'3'),(280,'Jesus','Zapata','5162513','7035','1995-05-20',4,1,5,'Jesus647@gmail.com',3,'1'),(281,'David','Cardona','2016543','6653','1962-11-22',3,1,13,'David648@gmail.com',2,'1'),(282,'Rosa','Escobar','6767000','2501','1990-03-18',16,2,3,'Rosa649@gmail.com',1,'3'),(283,'Ana Maria','Martinez','509952','1096','1982-11-02',16,2,3,'Ana Maria650@gmail.com',1,'1'),(284,'Carolina','Medina','5522261','6056','1960-08-13',3,2,16,'Carolina651@gmail.com',3,'2'),(285,'Cesar','Restrepo','157476','2437','1991-05-14',20,1,11,'Cesar652@gmail.com',1,'1'),(286,'Rosa','Velasquez','4406503','2282','1996-01-10',14,2,17,'Rosa653@gmail.com',3,'1'),(287,'Sara','Torres','2967062','5163','1956-11-07',9,2,9,'Sara654@gmail.com',2,'3'),(288,'Mateo','Castillo','6042032','881','1987-12-18',14,1,15,'Mateo655@gmail.com',1,'3'),(289,'Julian','Sanchez','9318354','1879','1966-01-01',14,1,20,'Julian656@gmail.com',2,'1'),(290,'Leonor','Medina','1427082','6390','1955-06-15',10,2,5,'Leonor657@gmail.com',2,'2'),(291,'Amparo','Martinez','7465620','4098','1981-04-25',12,2,16,'Amparo658@gmail.com',2,'2'),(292,'Mateo','Garcia','2423082','9596','1995-02-06',8,1,11,'Mateo659@gmail.com',2,'2'),(293,'Catalina','Rojas','7509362','8030','1970-05-01',3,2,9,'Catalina660@gmail.com',2,'2'),(294,'Julian','Muñoz','2874273','2570','1991-10-20',2,1,3,'Julian661@gmail.com',3,'3'),(295,'Jorge','Valencia','6301771','9956','1978-12-15',7,1,2,'Jorge662@gmail.com',1,'3'),(296,'Alvaro','Alvarez','314866','2944','1952-08-16',1,1,7,'Alvaro663@gmail.com',1,'3'),(297,'Marcos','Rivera','947769','4812','1969-08-17',15,1,9,'Marcos664@gmail.com',1,'3'),(298,'Juana','Osorio','9286340','7675','1985-12-24',3,2,17,'Juana665@gmail.com',2,'1'),(299,'John','Velasquez','4390783','1531','1983-03-26',14,1,1,'John666@gmail.com',1,'1'),(300,'Amparo','Medina','1556968','4647','1956-08-04',12,2,1,'Amparo667@gmail.com',2,'1'),(301,'Luisa','Ramirez','165286','3714','1976-01-31',10,2,3,'Luisa668@gmail.com',3,'3'),(302,'Cesar','Mejia','6688713','8482','1971-12-06',2,1,6,'Cesar669@gmail.com',2,'1'),(303,'Victoria','Moralez','9609968','8867','1992-04-27',16,2,14,'Victoria670@gmail.com',1,'2'),(304,'Carolina','Salazar','5083877','8296','1960-12-22',20,2,15,'Carolina671@gmail.com',3,'3'),(305,'John','Ruiz','2738653','1436','1984-06-30',1,1,17,'John672@gmail.com',1,'2'),(306,'Victoria','Sanchez','1984177','2161','1956-08-30',13,2,19,'Victoria673@gmail.com',2,'2'),(307,'David','Romero','9351490','7118','1953-09-09',16,1,12,'David674@gmail.com',2,'3'),(308,'Antonio','Herrera','4976468','160','1961-08-22',14,1,16,'Antonio675@gmail.com',1,'1'),(309,'Rosa','Florez','4846527','9631','1951-11-11',6,2,12,'Rosa676@gmail.com',2,'1'),(310,'Alejandra','Moreno','4938447','3468','1958-08-06',20,2,12,'Alejandra677@gmail.com',1,'1'),(311,'Sebastian','Valencia','2289870','7564','1968-07-14',16,1,9,'Sebastian678@gmail.com',2,'2'),(312,'Patricia','Ortiz','4560015','6002','1972-12-27',14,2,17,'Patricia679@gmail.com',3,'2'),(313,'Maria','Zapata','9568629','2761','1951-03-22',5,2,19,'Maria680@gmail.com',1,'1'),(314,'Irene','Castillo','3595559','2375','1985-11-06',11,2,12,'Irene681@gmail.com',1,'2'),(315,'Rosa','Valencia','5550650','2746','1992-06-30',14,2,15,'Rosa682@gmail.com',1,'1'),(316,'Luisa','Garcia','2802088','7126','1981-11-04',5,2,10,'Luisa683@gmail.com',1,'3'),(317,'Patricia','Giraldo','8993504','5876','1987-12-15',7,2,6,'Patricia684@gmail.com',2,'1'),(318,'Michael','Arias','1529727','5902','1974-09-25',2,1,11,'Michael685@gmail.com',2,'1'),(319,'John','Restrepo','7085834','7615','1951-11-25',20,1,22,'John686@gmail.com',2,'1'),(320,'Pablo','Moreno','7554719','6359','1977-10-24',10,1,21,'Pablo687@gmail.com',1,'3'),(321,'Ana','Ramirez','9789104','876','1953-05-15',9,2,22,'Ana688@gmail.com',1,'1'),(322,'David','Ruiz','2850137','1513','1968-01-30',2,1,15,'David689@gmail.com',1,'1'),(323,'Patricia','Moreno','1118326','9607','1982-02-02',15,2,3,'Patricia690@gmail.com',2,'2'),(324,'Irene','Velasquez','9413721','8755','1980-10-18',10,2,18,'Irene691@gmail.com',2,'2'),(325,'Myriam','Moreno','7915850','7421','1951-10-08',9,2,15,'Myriam692@gmail.com',1,'3'),(326,'Sergio','Suarez','4322362','6319','1990-05-14',14,1,14,'Sergio693@gmail.com',3,'1'),(327,'Pilar','Sanchez','1011771','7385','1971-09-24',17,2,14,'Pilar694@gmail.com',3,'1'),(328,'Antonio','Ruiz','134055','4189','1996-05-23',10,1,2,'Antonio695@gmail.com',1,'1'),(329,'Maria','Jimenez','7624668','3341','1998-08-04',9,2,5,'Maria696@gmail.com',3,'3'),(330,'Sebastian','Suarez','3354896','6806','1986-01-16',18,1,1,'Sebastian697@gmail.com',3,'3'),(331,'John','Ortiz','8853812','843','1991-07-26',19,1,7,'John698@gmail.com',2,'1'),(332,'Sara','Muñoz','643676','9871','1986-12-05',14,2,21,'Sara699@gmail.com',2,'1'),(333,'Juana','Romero','2782924','8860','1963-10-01',9,2,18,'Juana700@gmail.com',1,'3'),(334,'Nicolas','Valencia','5921522','7580','2000-05-01',3,1,11,'Nicolas701@gmail.com',2,'1'),(335,'Sofia','Escobar','4409934','3716','1998-08-31',7,2,20,'Sofia702@gmail.com',1,'1'),(336,'Carmen','Cardona','5739291','167','1987-09-15',13,2,18,'Carmen703@gmail.com',3,'3'),(337,'Rosa','Parra','4909037','9480','1980-09-13',16,2,5,'Rosa704@gmail.com',3,'2'),(338,'Marcos','Cardona','9750042','4951','1957-06-08',14,1,18,'Marcos705@gmail.com',3,'2'),(339,'Patricia','Restrepo','7911690','4852','1950-11-05',18,2,2,'Patricia706@gmail.com',3,'2'),(340,'Carolina','Torres','5525970','8789','1982-12-11',3,2,13,'Carolina707@gmail.com',1,'3'),(341,'Carmen','Giraldo','2071982','3767','1982-06-07',16,2,17,'Carmen708@gmail.com',2,'1'),(342,'Paula','Jimenez','5305119','1841','1992-12-23',1,2,3,'Paula709@gmail.com',1,'1'),(343,'Michael','Rincon','1387277','4800','1996-02-05',20,1,6,'Michael710@gmail.com',1,'3'),(344,'Jorge','Cardona','7578590','4674','1998-02-20',13,1,17,'Jorge711@gmail.com',1,'3'),(345,'Elena','Martinez','6024737','4627','1993-05-05',9,2,13,'Elena712@gmail.com',1,'2'),(346,'Leonor','Osorio','227794','4702','1980-12-14',12,2,10,'Leonor713@gmail.com',2,'3'),(347,'Patricia','Ortiz','1924026','984','1964-05-25',19,2,7,'Patricia714@gmail.com',3,'1'),(348,'Alvaro','Quintero','8656586','7406','1956-02-16',13,1,18,'Alvaro715@gmail.com',1,'1'),(349,'Alejandra','Muñoz','1591170','5972','1966-07-13',19,2,3,'Alejandra716@gmail.com',1,'3'),(350,'Daniela','Torres','1966442','671','1989-07-11',3,2,20,'Daniela717@gmail.com',1,'1'),(351,'Johan','Muñoz','7371552','7211','1964-06-17',9,1,1,'Johan718@gmail.com',3,'2'),(352,'Lidia','Jaramillo','594507','1184','1959-05-27',20,2,12,'Lidia719@gmail.com',1,'2'),(353,'Sergio','Lopez','2413705','885','1993-02-26',17,1,14,'Sergio720@gmail.com',2,'2'),(354,'Jorge','Perez','8343783','4248','1979-04-16',5,1,15,'Jorge721@gmail.com',1,'3'),(355,'Patricia','Montoya','550925','1742','1991-09-05',18,2,5,'Patricia722@gmail.com',1,'3'),(356,'Luis','Restrepo','1719385','7742','1954-05-21',19,1,8,'Luis723@gmail.com',1,'3'),(357,'Angel','Salazar','694533','2562','1995-07-09',15,1,6,'Angel724@gmail.com',1,'3'),(358,'Myriam','Cortes','6751738','7222','1996-05-23',12,2,22,'Myriam725@gmail.com',3,'1'),(359,'Nicolas','Ruiz','2029361','2479','1964-03-27',17,1,9,'Nicolas726@gmail.com',1,'2'),(360,'Alvaro','Rivera','2811972','8646','1998-07-17',15,1,10,'Alvaro727@gmail.com',2,'2'),(361,'Victoria','Jimenez','5526002','5441','1975-07-05',4,2,13,'Victoria728@gmail.com',2,'1'),(362,'Antonio','Moreno','9550749','3500','1973-08-17',14,1,3,'Antonio729@gmail.com',1,'3'),(363,'Luis','Alvarez','3951613','8227','1968-09-29',12,1,10,'Luis730@gmail.com',1,'2'),(364,'David','Gonzales','5232342','5679','1960-05-18',20,1,19,'David731@gmail.com',2,'2'),(365,'Miguel','Osorio','4806226','909','1986-02-26',8,1,10,'Miguel732@gmail.com',1,'3'),(366,'Catalina','Arias','6072437','1785','1964-08-18',20,2,17,'Catalina733@gmail.com',3,'2'),(367,'Pedro','Marin','8288314','1175','1975-03-24',20,1,4,'Pedro734@gmail.com',1,'3'),(368,'Sergio','Moralez','8371470','4896','1993-01-01',2,1,18,'Sergio735@gmail.com',1,'3'),(369,'Eva','Cardona','9573824','18','1952-10-22',16,2,1,'Eva736@gmail.com',1,'2'),(370,'Johan','Muñoz','384202','3889','1999-02-19',19,1,5,'Johan737@gmail.com',3,'1'),(371,'Marcos','Garcia','2168240','7971','1968-08-19',3,1,6,'Marcos738@gmail.com',3,'3'),(372,'Sebastian','Lopez','4068824','5148','1990-06-03',1,1,4,'Sebastian739@gmail.com',2,'1'),(373,'John','Rivera','6871122','4534','1986-12-04',3,1,7,'John740@gmail.com',2,'3'),(374,'Julian','Cortes','8671685','4610','1981-06-05',7,1,18,'Julian741@gmail.com',3,'1'),(375,'Josefa','Alvarez','705526','4919','1999-04-18',15,2,20,'Josefa742@gmail.com',1,'1'),(376,'Josefa','Jimenez','7052079','5547','1976-04-16',19,2,14,'Josefa743@gmail.com',3,'1'),(377,'Cesar','Correa','7958000','7474','1953-07-14',4,1,1,'Cesar744@gmail.com',2,'1'),(378,'Elena','Escobar','729750','810','1981-12-30',2,2,10,'Elena745@gmail.com',1,'3'),(379,'Josefa','Gomez','3914589','6842','1950-06-25',8,2,14,'Josefa746@gmail.com',1,'3'),(380,'Catalina','Moreno','2808564','8488','1953-12-08',1,2,2,'Catalina747@gmail.com',3,'1'),(381,'Manuel','Castillo','2848998','5113','1973-08-17',7,1,1,'Manuel748@gmail.com',2,'2'),(382,'David','Romero','6624892','2376','1960-08-22',9,1,4,'David749@gmail.com',3,'1'),(383,'Jesus','Martinez','8924583','9236','1968-11-20',11,1,2,'Jesus750@gmail.com',1,'2'),(384,'David','Velasquez','7589054','5381','1971-12-23',8,1,13,'David751@gmail.com',3,'1'),(385,'Pilar','Perez','9734158','4153','1960-01-18',20,2,1,'Pilar752@gmail.com',1,'3'),(386,'David','Gutierez','2101795','6313','1978-09-09',8,1,20,'David753@gmail.com',3,'3'),(387,'Felipe','Martinez','1761882','9218','1954-02-11',16,1,21,'Felipe754@gmail.com',3,'1'),(388,'Daniela','Cardona','9473045','1239','1996-08-03',9,2,1,'Daniela755@gmail.com',2,'1'),(389,'Ana','Cardenas','8869481','415','1988-10-10',12,2,7,'Ana756@gmail.com',3,'2'),(390,'Lidia','Ortiz','4753975','7138','1984-10-06',18,2,19,'Lidia757@gmail.com',1,'1'),(391,'Leonor','Gutierez','4463233','2710','1969-08-28',7,2,20,'Leonor758@gmail.com',3,'1'),(392,'Eva','Correa','4590679','1723','1998-05-19',13,2,12,'Eva759@gmail.com',2,'3'),(393,'Antonio','Sanchez','4985760','9006','1980-06-08',1,1,1,'Antonio760@gmail.com',2,'2'),(394,'Paula','Jaramillo','7363246','2173','1980-01-21',8,2,4,'Paula761@gmail.com',3,'3'),(395,'Carmen','Osorio','3213862','3092','1950-11-25',16,2,22,'Carmen762@gmail.com',3,'3'),(396,'Ana Maria','Herrera','8699967','2089','1982-09-21',13,2,18,'Ana Maria763@gmail.com',3,'3'),(397,'Sergio','Medina','164960','497','1999-09-16',10,1,17,'Sergio764@gmail.com',1,'2'),(398,'Cesar','Vargas','5134989','9165','1983-02-20',7,1,15,'Cesar765@gmail.com',1,'2'),(399,'Manuel','Herrera','1573919','333','1985-04-09',5,1,1,'Manuel766@gmail.com',2,'2'),(400,'Luis','Escobar','1359024','1787','1964-03-12',10,1,11,'Luis767@gmail.com',2,'3'),(401,'Sofia','Salazar','471175','3052','1999-01-29',7,2,14,'Sofia768@gmail.com',2,'2'),(402,'Alvaro','Alvarez','9815981','5940','1957-02-14',7,1,20,'Alvaro769@gmail.com',3,'1'),(403,'Jorge','Correa','9663353','9291','1974-06-09',20,1,17,'Jorge770@gmail.com',3,'1'),(404,'Elena','Martinez','7911484','1245','1973-08-04',19,2,19,'Elena771@gmail.com',3,'3'),(405,'Alvaro','Osorio','4398624','6952','1952-05-30',16,1,18,'Alvaro772@gmail.com',2,'2'),(406,'Carlos','Sanchez','5878822','7495','1977-03-02',2,1,5,'Carlos773@gmail.com',1,'3'),(407,'Pedro','Cardenas','5419396','1522','1977-09-04',17,1,1,'Pedro774@gmail.com',3,'3'),(408,'Ana','Ruiz','3419339','8491','1950-05-13',14,2,3,'Ana775@gmail.com',1,'1'),(409,'Carlos','Mejia','9411991','5233','1981-06-22',3,1,20,'Carlos776@gmail.com',2,'2'),(410,'Lucas','Moreno','2091709','5106','1985-02-01',11,1,6,'Lucas777@gmail.com',3,'2'),(411,'Cesar','Gutierez','7722478','6502','2000-07-09',1,1,18,'Cesar778@gmail.com',1,'2'),(412,'Leonor','Ortiz','2530914','2946','1989-01-18',19,2,2,'Leonor779@gmail.com',2,'3'),(413,'Elena','Jaramillo','4504848','2506','1986-08-30',3,2,12,'Elena780@gmail.com',1,'2'),(414,'Jesus','Rivera','5864655','4602','1964-10-14',20,1,6,'Jesus781@gmail.com',1,'3'),(415,'Nicolas','Hernandez','3305596','5688','1966-08-21',4,1,5,'Nicolas782@gmail.com',2,'2'),(416,'Antonio','Osorio','62742','1733','1976-02-27',1,1,19,'Antonio783@gmail.com',1,'3'),(417,'Antonio','Valencia','1789759','3215','1982-04-14',4,1,14,'Antonio784@gmail.com',2,'3'),(418,'Carolina','Jimenez','7772936','6984','1956-03-02',9,2,12,'Carolina785@gmail.com',1,'3'),(419,'Miguel','Florez','9918705','6261','1981-09-17',5,1,11,'Miguel786@gmail.com',3,'3'),(420,'Sofia','Mejia','8802586','369','1963-03-06',16,2,14,'Sofia787@gmail.com',3,'1'),(421,'Myriam','Mejia','8659079','784','1965-10-13',9,2,17,'Myriam788@gmail.com',2,'1'),(422,'Sebastian','Mejia','9605865','4031','1970-04-09',14,1,3,'Sebastian789@gmail.com',2,'3'),(423,'Myriam','Martinez','7213925','824','1999-08-08',10,2,21,'Myriam790@gmail.com',1,'2'),(424,'Josefa','Lopez','3706906','4616','1980-08-01',11,2,11,'Josefa791@gmail.com',2,'3'),(425,'Nicolas','Sanchez','4018328','188','1986-02-26',8,1,11,'Nicolas792@gmail.com',3,'1'),(426,'Rosa','Castro','1173737','4438','1984-01-10',9,2,3,'Rosa793@gmail.com',1,'1'),(427,'Ana','Alvarez','4248950','4607','1954-07-14',16,2,19,'Ana794@gmail.com',1,'2'),(428,'Carolina','Moreno','5269536','3670','1978-02-22',19,2,14,'Carolina795@gmail.com',2,'2'),(429,'Nicolas','Ortiz','7494432','8537','1968-01-30',3,1,17,'Nicolas796@gmail.com',3,'2'),(430,'Sebastian','Rojas','8928062','2366','1992-07-16',7,1,13,'Sebastian797@gmail.com',2,'3'),(431,'Mateo','Ortiz','8375193','3017','1956-02-06',5,1,12,'Mateo798@gmail.com',1,'3'),(432,'Jesus','Martinez','9379424','6619','1985-05-08',3,1,17,'Jesus799@gmail.com',3,'1'),(433,'Carlos','Suarez','9358997','1229','1982-01-29',8,1,2,'Carlos800@gmail.com',2,'1'),(434,'Jorge','Escobar','3209977','61','1961-10-06',12,1,18,'Jorge801@gmail.com',3,'3'),(435,'Victoria','Moreno','4583878','9566','1960-11-02',11,2,2,'Victoria802@gmail.com',3,'1'),(436,'Carlos','Marin','6463713','4412','1996-11-14',10,1,20,'Carlos803@gmail.com',2,'2'),(437,'Ana','Sanchez','1182185','5150','1951-06-04',12,2,18,'Ana804@gmail.com',1,'2'),(438,'Leonor','Ortiz','638949','9405','1980-07-31',5,2,7,'Leonor805@gmail.com',2,'2'),(439,'Pedro','Cortes','7127351','7327','1955-07-20',11,1,14,'Pedro806@gmail.com',1,'3'),(440,'Julian','Cardenas','9128545','8204','1997-01-19',1,1,4,'Julian807@gmail.com',3,'2'),(441,'Rosa','Quintero','2945642','5267','1982-12-28',18,2,20,'Rosa808@gmail.com',2,'2'),(442,'Michael','Quintero','3788728','3934','1956-12-02',10,1,21,'Michael809@gmail.com',1,'3'),(443,'Patricia','Montoya','6414628','6160','1983-05-06',10,2,4,'Patricia810@gmail.com',3,'1'),(444,'Eva','Suarez','4863414','2099','1962-02-13',10,2,10,'Eva811@gmail.com',2,'2'),(445,'David','Zapata','1493335','6711','1975-11-23',20,1,22,'David812@gmail.com',3,'3'),(446,'Ana Maria','Velasquez','1869688','2906','1989-03-02',20,2,10,'Ana Maria813@gmail.com',3,'1'),(447,'David','Florez','3799236','2958','1972-09-25',6,1,17,'David814@gmail.com',1,'2'),(448,'Sofia','Zapata','8665962','3850','1985-03-20',10,2,3,'Sofia815@gmail.com',2,'3'),(449,'Amparo','Suarez','7787014','1224','1969-02-11',1,2,8,'Amparo816@gmail.com',1,'3'),(450,'Rosa','Mejia','3646518','2579','1981-11-09',14,2,6,'Rosa817@gmail.com',3,'1'),(451,'Antonio','Florez','4934120','3095','1968-11-03',6,1,12,'Antonio818@gmail.com',2,'3'),(452,'Michael','Rincon','9672600','1081','1964-06-26',14,1,12,'Michael819@gmail.com',3,'1'),(453,'Patricia','Florez','6458444','4472','1970-03-27',19,2,9,'Patricia820@gmail.com',1,'3'),(454,'Carolina','Torres','7267467','6769','1992-03-05',1,2,4,'Carolina821@gmail.com',3,'2'),(455,'Lucas','Ramirez','8862495','8152','1957-05-24',2,1,16,'Lucas822@gmail.com',2,'3'),(456,'Johan','Vargas','6046346','3010','1973-09-04',8,1,3,'Johan823@gmail.com',1,'1'),(457,'Irene','Torres','613412','9361','1950-06-10',16,2,3,'Irene824@gmail.com',1,'1'),(458,'Luisa','Cortes','1066123','9209','1994-04-06',11,2,21,'Luisa825@gmail.com',2,'1'),(459,'Ana Maria','Perez','4945151','7837','1972-10-04',8,2,12,'Ana Maria826@gmail.com',2,'3'),(460,'Alejandra','Gutierez','3476818','8558','1989-02-27',7,2,1,'Alejandra827@gmail.com',3,'2'),(461,'Amparo','Parra','7742920','9992','1989-10-07',16,2,15,'Amparo828@gmail.com',1,'3'),(462,'Sebastian','Perez','4718946','4023','1960-01-16',6,1,11,'Sebastian829@gmail.com',1,'3'),(463,'John','Rincon','3093901','2731','1973-08-27',14,1,18,'John830@gmail.com',3,'3'),(464,'Ana','Rojas','4688308','977','1960-09-09',13,2,18,'Ana831@gmail.com',2,'2'),(465,'Rosa','Mejia','8934878','1423','1976-12-10',18,2,17,'Rosa832@gmail.com',2,'2'),(466,'Victoria','Gomez','1401594','7925','1956-11-07',19,2,15,'Victoria833@gmail.com',3,'2'),(467,'Pedro','Zapata','4587460','9240','1982-06-18',17,1,2,'Pedro834@gmail.com',3,'3'),(468,'Julian','Ruiz','330382','6939','1958-08-18',9,1,4,'Julian835@gmail.com',3,'3'),(469,'Paula','Muñoz','3354949','1771','1997-02-26',17,2,18,'Paula836@gmail.com',2,'3'),(470,'Pablo','Diaz','8784275','8490','1968-12-17',2,1,2,'Pablo837@gmail.com',1,'1'),(471,'Ana Maria','Martinez','990212','8728','1967-08-20',2,2,21,'Ana Maria838@gmail.com',1,'2'),(472,'Rosa','Mejia','5541484','4159','1970-05-04',7,2,12,'Rosa839@gmail.com',3,'1'),(473,'Paula','Jaramillo','3178161','5583','1979-09-05',20,2,16,'Paula840@gmail.com',3,'3'),(474,'Johan','Escobar','9841193','6933','1995-03-18',3,1,14,'Johan841@gmail.com',3,'2'),(475,'Lucas','Alvarez','7375946','9402','1996-09-06',7,1,12,'Lucas842@gmail.com',2,'2'),(476,'Ana Maria','Rivera','1329521','6276','1992-05-19',11,2,6,'Ana Maria843@gmail.com',1,'3'),(477,'Pedro','Sanchez','803249','668','1979-10-06',5,1,17,'Pedro844@gmail.com',2,'2'),(478,'Alejandra','Torres','3521373','1485','2000-11-17',1,2,8,'Alejandra845@gmail.com',3,'2'),(479,'Luis','Vargas','3177795','2022','1952-03-13',10,1,9,'Luis846@gmail.com',2,'3'),(480,'David','Diaz','5704420','6748','1980-12-04',12,1,11,'David847@gmail.com',2,'2'),(481,'Elena','Ruiz','269568','4801','1972-12-25',10,2,5,'Elena848@gmail.com',3,'3'),(482,'Rosa','Osorio','337934','8438','1967-05-15',2,2,4,'Rosa849@gmail.com',3,'2'),(483,'Leonor','Gonzales','9542239','8942','1952-09-23',2,2,3,'Leonor850@gmail.com',2,'2'),(484,'Carlos','Arias','6226182','5040','1963-08-01',4,1,9,'Carlos851@gmail.com',1,'3'),(485,'Daniela','Cardenas','8321853','3939','1985-12-11',8,2,12,'Daniela852@gmail.com',2,'1'),(486,'Alejandra','Mejia','8880153','2418','1956-04-24',9,2,1,'Alejandra853@gmail.com',2,'1'),(487,'Pedro','Alvarez','6059190','417','1985-09-10',17,1,14,'Pedro854@gmail.com',2,'1'),(488,'Rosa','Rivera','3297953','8280','1952-08-21',19,2,22,'Rosa855@gmail.com',2,'2'),(489,'Angel','Castillo','7530955','9596','1970-04-11',2,1,4,'Angel856@gmail.com',3,'2'),(490,'Sofia','Rincon','6137410','5315','1970-10-06',12,2,14,'Sofia857@gmail.com',2,'1'),(491,'Julian','Sanchez','2171798','2362','1959-06-06',10,1,20,'Julian858@gmail.com',1,'2'),(492,'John','Cardona','2137161','9966','1965-01-25',15,1,17,'John859@gmail.com',2,'3'),(493,'Juana','Castro','4279085','161','1963-08-24',20,2,16,'Juana860@gmail.com',1,'3'),(494,'Daniela','Vargas','7346379','4685','1957-10-19',6,2,19,'Daniela861@gmail.com',3,'3'),(495,'Catalina','Quintero','9438784','6092','1974-10-07',18,2,14,'Catalina862@gmail.com',3,'1'),(496,'Sofia','Gutierez','898773','4077','1952-02-23',1,2,17,'Sofia863@gmail.com',1,'1'),(497,'Julian','Jimenez','8255999','8836','1970-07-06',10,1,18,'Julian864@gmail.com',2,'2'),(498,'Myriam','Hernandez','9832604','7165','1950-01-15',1,2,14,'Myriam865@gmail.com',3,'2'),(499,'Pablo','Rodriguez','128721','2693','1958-03-15',1,1,16,'Pablo866@gmail.com',3,'2'),(500,'Irene','Muñoz','2903262','8213','1974-11-17',18,2,21,'Irene867@gmail.com',2,'1'),(501,'Marcos','Gutierez','7387928','9872','1985-10-15',1,1,5,'Marcos868@gmail.com',1,'1'),(502,'Sara','Hernandez','14846','683','1952-07-09',9,2,18,'Sara869@gmail.com',2,'3'),(503,'Luis','Giraldo','5369820','2857','1958-12-31',7,1,19,'Luis870@gmail.com',1,'3'),(504,'Victoria','Herrera','2337852','3058','1974-09-10',7,2,21,'Victoria871@gmail.com',1,'1'),(505,'Mateo','Jaramillo','2833961','4552','1962-11-06',6,1,3,'Mateo872@gmail.com',1,'3'),(506,'Luisa','Gonzales','3375362','893','1985-05-30',7,2,22,'Luisa873@gmail.com',2,'3'),(507,'Michael','Parra','2260480','7082','2000-04-24',4,1,17,'Michael874@gmail.com',3,'3'),(508,'Luisa','Velasquez','5153172','7577','1972-05-16',2,2,18,'Luisa875@gmail.com',2,'1'),(509,'Myriam','Cortes','2834978','9222','1990-06-13',20,2,4,'Myriam876@gmail.com',2,'2'),(510,'Johan','Rojas','3771565','2343','1969-06-09',17,1,19,'Johan877@gmail.com',2,'3'),(511,'Alvaro','Herrera','3964889','1122','1985-02-17',2,1,8,'Alvaro878@gmail.com',3,'1'),(512,'Eva','Martinez','168429','9924','1962-10-19',20,2,21,'Eva879@gmail.com',3,'3'),(513,'Maria','Martinez','1788119','9374','1988-01-18',7,2,13,'Maria880@gmail.com',3,'3'),(514,'Carmen','Rojas','974215','3413','1974-01-21',14,2,15,'Carmen881@gmail.com',2,'3'),(515,'Eva','Lopez','9874737','7526','1965-03-28',9,2,1,'Eva882@gmail.com',2,'1'),(516,'Luis','Garcia','9626731','3017','1970-08-03',18,1,18,'Luis883@gmail.com',2,'2'),(517,'Pablo','Correa','1945160','6445','1971-08-24',2,1,13,'Pablo884@gmail.com',2,'1'),(518,'Alvaro','Parra','3764652','6038','1997-08-03',5,1,11,'Alvaro885@gmail.com',1,'2'),(519,'Sergio','Cardona','4412121','6045','1964-05-13',18,1,22,'Sergio886@gmail.com',2,'3'),(520,'Lidia','Rojas','3608239','1194','1965-02-07',3,2,8,'Lidia887@gmail.com',1,'3'),(521,'Maria','Alvarez','9596068','7619','1998-12-20',3,2,14,'Maria888@gmail.com',2,'2'),(522,'Antonio','Herrera','308247','6597','1987-01-17',16,1,18,'Antonio889@gmail.com',1,'3'),(523,'Cesar','Torres','2980448','3399','1956-05-17',6,1,3,'Cesar890@gmail.com',1,'3'),(524,'Alvaro','Salazar','8812285','201','1972-07-05',18,1,3,'Alvaro891@gmail.com',3,'3'),(525,'Sofia','Vargas','5499397','3449','1998-08-10',8,2,21,'Sofia892@gmail.com',2,'1'),(526,'Johan','Rincon','7843594','3233','1995-07-08',15,1,22,'Johan893@gmail.com',1,'2'),(527,'Myriam','Diaz','1939245','6765','1968-10-10',15,2,9,'Myriam894@gmail.com',1,'2'),(528,'Alejandra','Rodriguez','9260672','7091','1976-03-16',7,2,5,'Alejandra895@gmail.com',3,'2'),(529,'Leonor','Mejia','659059','3586','1991-09-19',16,2,19,'Leonor896@gmail.com',2,'3'),(530,'Sergio','Valencia','9986685','7092','1959-01-02',2,1,12,'Sergio897@gmail.com',3,'1'),(531,'Manuel','Herrera','6285428','4987','1987-06-25',1,1,20,'Manuel898@gmail.com',2,'1'),(532,'Sergio','Parra','4452826','9357','1957-08-04',18,1,19,'Sergio899@gmail.com',1,'2'),(533,'Nicolas','Rivera','3322425','7338','1989-07-16',9,1,21,'Nicolas900@gmail.com',2,'1'),(534,'Lidia','Rincon','2146588','742','1991-10-17',8,2,22,'Lidia901@gmail.com',3,'3'),(535,'Amparo','Giraldo','3967724','7139','1957-11-23',4,2,2,'Amparo902@gmail.com',1,'3'),(536,'Elena','Jimenez','9419549','3783','1983-02-09',17,2,9,'Elena903@gmail.com',1,'2'),(537,'Carmen','Velasquez','1287577','3124','1964-09-03',12,2,3,'Carmen904@gmail.com',1,'3'),(538,'Ana','Suarez','3683913','6113','1986-04-26',18,2,2,'Ana905@gmail.com',1,'3'),(539,'Paula','Lopez','9442591','9687','1952-03-19',12,2,5,'Paula906@gmail.com',2,'3'),(540,'Antonio','Gonzales','975578','5143','1985-07-20',18,1,20,'Antonio907@gmail.com',2,'2'),(541,'Victoria','Ramirez','5257932','9164','1952-10-06',13,2,2,'Victoria908@gmail.com',3,'1'),(542,'Myriam','Martinez','9515637','6966','1968-07-29',15,2,19,'Myriam909@gmail.com',2,'2'),(543,'Luisa','Giraldo','1199123','952','1977-07-02',17,2,2,'Luisa910@gmail.com',3,'3'),(544,'Miguel','Cardona','5262206','2933','1955-07-24',12,1,8,'Miguel911@gmail.com',1,'1'),(545,'Jorge','Moreno','4070348','7023','1991-07-11',10,1,14,'Jorge912@gmail.com',2,'1'),(546,'Carolina','Rivera','3879574','6840','1965-10-09',15,2,12,'Carolina913@gmail.com',2,'1'),(547,'Johan','Lopez','8537018','5065','1950-04-04',8,1,7,'Johan914@gmail.com',2,'3'),(548,'Daniela','Medina','3399745','773','1979-07-31',14,2,16,'Daniela915@gmail.com',2,'2'),(549,'Daniela','Marin','1148219','9718','1965-05-29',11,2,21,'Daniela916@gmail.com',3,'1'),(550,'Luis','Cardenas','4919101','2975','1991-09-28',10,1,13,'Luis917@gmail.com',3,'1'),(551,'Mateo','Lopez','1875933','6982','1997-06-15',3,1,6,'Mateo918@gmail.com',1,'1'),(552,'Carolina','Ruiz','4735570','8107','1962-11-18',17,2,18,'Carolina919@gmail.com',2,'2'),(553,'Cesar','Castillo','3493944','7281','1969-07-24',2,1,1,'Cesar920@gmail.com',1,'2'),(554,'Julian','Parra','633477','9526','1969-12-06',19,1,9,'Julian921@gmail.com',2,'2'),(555,'Antonio','Cardenas','8306059','5425','1953-06-04',8,1,15,'Antonio922@gmail.com',1,'1'),(556,'Lucas','Zapata','777092','7171','1968-02-20',5,1,17,'Lucas923@gmail.com',1,'3'),(557,'Patricia','Arias','9935558','4655','1954-11-19',8,2,22,'Patricia924@gmail.com',3,'2'),(558,'Michael','Ramirez','4561368','9799','1965-02-21',7,1,11,'Michael925@gmail.com',2,'1'),(559,'Carlos','Alvarez','9959010','1897','1955-05-16',10,1,4,'Carlos926@gmail.com',2,'1'),(560,'Pablo','Gonzales','7439913','9977','1965-12-07',9,1,13,'Pablo927@gmail.com',1,'2'),(561,'Maria','Rojas','4180196','9794','1981-12-21',5,2,2,'Maria928@gmail.com',2,'2'),(562,'Sofia','Florez','3324971','6941','1970-02-07',6,2,1,'Sofia929@gmail.com',3,'3'),(563,'John','Rincon','7084669','1119','1968-08-16',19,1,14,'John930@gmail.com',2,'2'),(564,'Pedro','Castro','8720046','373','1974-11-05',4,1,5,'Pedro931@gmail.com',2,'3'),(565,'Manuel','Mejia','502452','3775','1969-03-14',8,1,12,'Manuel932@gmail.com',2,'2'),(566,'Cesar','Torres','7859359','5800','1965-07-29',5,1,10,'Cesar933@gmail.com',1,'1'),(567,'Antonio','Correa','463835','1363','1996-03-10',1,1,3,'Antonio934@gmail.com',2,'3'),(568,'Miguel','Muñoz','1314983','4844','1983-04-19',12,1,19,'Miguel935@gmail.com',2,'2'),(569,'Catalina','Vargas','5608591','9542','1997-08-14',7,2,22,'Catalina936@gmail.com',1,'3'),(570,'Lidia','Garcia','5786491','5261','1964-07-18',20,2,15,'Lidia937@gmail.com',3,'2'),(571,'Paula','Gonzales','8968131','2217','1976-03-09',10,2,13,'Paula938@gmail.com',2,'3'),(572,'Lidia','Cardona','7072018','2910','1984-05-25',6,2,21,'Lidia939@gmail.com',3,'1'),(573,'Irene','Martinez','9367961','1748','1977-09-26',6,2,8,'Irene940@gmail.com',2,'1'),(574,'Mateo','Suarez','3965532','490','1969-07-25',20,1,8,'Mateo941@gmail.com',2,'3'),(575,'Carmen','Correa','7697763','2347','1993-08-23',3,2,20,'Carmen942@gmail.com',2,'3'),(576,'Patricia','Marin','8433174','3465','1972-09-02',13,2,13,'Patricia943@gmail.com',1,'1'),(577,'Patricia','Rivera','9690833','6816','1969-11-29',11,2,1,'Patricia944@gmail.com',3,'3'),(578,'Lidia','Suarez','7760951','8030','1969-06-06',6,2,8,'Lidia945@gmail.com',3,'3'),(579,'Ana','Velasquez','184392','769','1951-02-24',1,2,4,'Ana946@gmail.com',2,'1'),(580,'Nicolas','Castro','1274615','7452','1977-08-30',17,1,18,'Nicolas947@gmail.com',2,'3'),(581,'Josefa','Cardenas','2857307','99','1952-12-22',13,2,9,'Josefa948@gmail.com',3,'2'),(582,'Josefa','Rodriguez','7017090','3659','1992-11-13',3,2,5,'Josefa949@gmail.com',2,'2'),(583,'Carlos','Salazar','4640479','1996','1983-12-26',1,1,4,'Carlos950@gmail.com',1,'1'),(584,'Michael','Diaz','9704464','9675','1991-10-29',19,1,1,'Michael951@gmail.com',2,'1'),(585,'Luisa','Romero','64781','5527','1996-07-09',14,2,21,'Luisa952@gmail.com',1,'2'),(586,'Sara','Garcia','8112683','3305','1990-09-10',19,2,13,'Sara953@gmail.com',1,'2'),(587,'Catalina','Martinez','9168164','8303','1979-08-18',4,2,15,'Catalina954@gmail.com',1,'2'),(588,'Pedro','Moralez','8486442','3410','1984-11-29',17,1,12,'Pedro955@gmail.com',1,'1'),(589,'Carmen','Gonzales','3861924','2748','1971-06-25',16,2,13,'Carmen956@gmail.com',3,'1'),(590,'Rosa','Arias','6791068','1189','1962-06-06',2,2,2,'Rosa957@gmail.com',3,'1'),(591,'Carlos','Moreno','4209808','1054','1965-09-27',6,1,9,'Carlos958@gmail.com',2,'2'),(592,'Angel','Salazar','797756','800','1993-12-21',19,1,3,'Angel959@gmail.com',1,'1'),(593,'Myriam','Rincon','4474914','7186','2000-12-25',19,2,17,'Myriam960@gmail.com',3,'3'),(594,'Victoria','Rivera','7721595','6594','1963-01-16',9,2,2,'Victoria961@gmail.com',1,'1'),(595,'Lucas','Torres','2329018','7765','1997-08-13',11,1,14,'Lucas962@gmail.com',2,'2'),(596,'Carmen','Parra','2008186','9767','1952-11-12',10,2,15,'Carmen963@gmail.com',1,'1'),(597,'Lidia','Moralez','5807156','9920','1989-12-31',5,2,13,'Lidia964@gmail.com',3,'3'),(598,'Alejandra','Ruiz','3944994','1409','1963-01-12',17,2,14,'Alejandra965@gmail.com',3,'2'),(599,'Carmen','Mejia','5655113','2232','1954-08-29',17,2,5,'Carmen966@gmail.com',2,'1'),(600,'Carmen','Muñoz','4083356','4335','1974-10-16',5,2,18,'Carmen967@gmail.com',2,'2'),(601,'Juana','Martinez','4106550','6569','1996-11-16',17,2,16,'Juana968@gmail.com',1,'3'),(602,'Luisa','Cardona','2490254','4726','1950-01-30',17,2,21,'Luisa969@gmail.com',2,'1'),(603,'Carlos','Arias','5604','1551','1955-09-06',13,1,17,'Carlos970@gmail.com',2,'3'),(604,'Catalina','Romero','68645','9879','1979-12-07',7,2,20,'Catalina971@gmail.com',1,'2'),(605,'Luis','Ramirez','8944779','7723','1960-07-25',14,1,21,'Luis972@gmail.com',3,'3'),(606,'Sofia','Martinez','1522804','8369','1964-12-12',16,2,20,'Sofia973@gmail.com',3,'1'),(607,'Sara','Muñoz','1820417','6465','1952-05-21',2,2,5,'Sara974@gmail.com',3,'2'),(608,'Juana','Cardenas','3901253','7917','1991-03-02',16,2,20,'Juana975@gmail.com',2,'2'),(609,'Luis','Rivera','6240980','7652','1975-06-19',1,1,17,'Luis976@gmail.com',1,'2'),(610,'Alejandra','Marin','9393563','8247','1965-08-30',20,2,5,'Alejandra977@gmail.com',3,'3'),(611,'Amparo','Valencia','9598241','9840','1952-01-02',18,2,22,'Amparo978@gmail.com',3,'3'),(612,'Marcos','Restrepo','7526428','6470','1966-12-06',17,1,1,'Marcos979@gmail.com',2,'1'),(613,'Ana','Marin','6587545','3197','1987-05-17',16,2,12,'Ana980@gmail.com',3,'1'),(614,'Nicolas','Rojas','6905709','898','1977-02-18',5,1,6,'Nicolas981@gmail.com',2,'2'),(615,'Jesus','Parra','5519489','2491','1972-02-13',3,1,17,'Jesus982@gmail.com',3,'2'),(616,'Johan','Correa','4959887','2045','1955-07-21',6,1,13,'Johan983@gmail.com',2,'2'),(617,'Antonio','Valencia','9098707','860','1966-01-10',6,1,9,'Antonio984@gmail.com',2,'2'),(618,'Elena','Jaramillo','1000737','2475','1976-02-11',18,2,2,'Elena985@gmail.com',3,'2'),(619,'Ana','Sanchez','5372038','5902','1951-07-19',11,2,18,'Ana986@gmail.com',1,'2'),(620,'Pedro','Cardona','1541973','7580','1974-12-08',13,1,20,'Pedro987@gmail.com',3,'3'),(621,'Victoria','Mejia','1402924','7144','1990-02-20',16,2,22,'Victoria988@gmail.com',2,'2'),(622,'Marcos','Cardenas','887699','8799','1997-01-26',16,1,9,'Marcos989@gmail.com',1,'3'),(623,'Daniela','Rivera','5765038','7657','1956-08-17',5,2,4,'Daniela990@gmail.com',2,'2'),(624,'Luisa','Quintero','6170103','7560','1957-05-14',13,2,10,'Luisa991@gmail.com',1,'3'),(625,'Sergio','Arias','237996','5177','1969-01-31',5,1,11,'Sergio992@gmail.com',2,'2'),(626,'John','Hernandez','6399243','9816','1950-04-09',1,1,19,'John993@gmail.com',1,'3'),(627,'Ana','Castillo','6922713','7531','1962-04-05',2,2,22,'Ana994@gmail.com',3,'3'),(628,'Jesus','Gomez','4774600','6709','1958-02-10',8,1,20,'Jesus995@gmail.com',3,'3'),(629,'Leonor','Cardenas','4383239','9548','1953-05-19',5,2,7,'Leonor996@gmail.com',2,'3'),(630,'Cesar','Hernandez','3055350','80','1989-06-14',18,1,2,'Cesar997@gmail.com',3,'1'),(631,'Mateo','Montoya','7094228','428','1964-09-05',16,1,11,'Mateo998@gmail.com',1,'3'),(632,'Pilar','Salazar','4718971','2383','1984-05-24',18,2,16,'Pilar999@gmail.com',1,'3'),(633,'Catalina','Marin','2375893','1192','1985-01-25',7,2,10,'Catalina1000@gmail.com',3,'2');
/*!40000 ALTER TABLE `personas` ENABLE KEYS */;
UNLOCK TABLES;

--
-- Table structure for table `profesiones`
--

DROP TABLE IF EXISTS `profesiones`;
/*!40101 SET @saved_cs_client     = @@character_set_client */;
/*!40101 SET character_set_client = utf8 */;
CREATE TABLE `profesiones` (
  `idProfesiones` int(11) NOT NULL AUTO_INCREMENT,
  `profesiones` varchar(45) NOT NULL,
  PRIMARY KEY (`idProfesiones`)
) ENGINE=InnoDB AUTO_INCREMENT=22 DEFAULT CHARSET=utf8;
/*!40101 SET character_set_client = @saved_cs_client */;

--
-- Dumping data for table `profesiones`
--

LOCK TABLES `profesiones` WRITE;
/*!40000 ALTER TABLE `profesiones` DISABLE KEYS */;
INSERT INTO `profesiones` VALUES (1,'Abogado'),(2,'Futbolista'),(3,'Estudiante'),(4,'Cantante'),(5,'Golfista'),(6,'Policia'),(7,'Ingeniero Sistemas'),(8,'Contador'),(9,'Doctor'),(10,'Enfermero'),(11,'Biologo'),(12,'Cientifico'),(13,'Carpintero'),(14,'Cajero'),(15,'Quimico'),(16,'Cocinero'),(17,'Bombero'),(18,'Socorrista'),(19,'Juez'),(20,'Cartero'),(21,'Mecanico');
/*!40000 ALTER TABLE `profesiones` ENABLE KEYS */;
UNLOCK TABLES;

--
-- Table structure for table `sexo`
--

DROP TABLE IF EXISTS `sexo`;
/*!40101 SET @saved_cs_client     = @@character_set_client */;
/*!40101 SET character_set_client = utf8 */;
CREATE TABLE `sexo` (
  `idSexo` int(11) NOT NULL AUTO_INCREMENT,
  `tipoSexo` varchar(45) NOT NULL,
  PRIMARY KEY (`idSexo`)
) ENGINE=InnoDB AUTO_INCREMENT=5 DEFAULT CHARSET=utf8;
/*!40101 SET character_set_client = @saved_cs_client */;

--
-- Dumping data for table `sexo`
--

LOCK TABLES `sexo` WRITE;
/*!40000 ALTER TABLE `sexo` DISABLE KEYS */;
INSERT INTO `sexo` VALUES (1,'Masculino'),(2,'Femenino'),(3,'Masculino'),(4,'Femenino');
/*!40000 ALTER TABLE `sexo` ENABLE KEYS */;
UNLOCK TABLES;
/*!40103 SET TIME_ZONE=@OLD_TIME_ZONE */;

/*!40101 SET SQL_MODE=@OLD_SQL_MODE */;
/*!40014 SET FOREIGN_KEY_CHECKS=@OLD_FOREIGN_KEY_CHECKS */;
/*!40014 SET UNIQUE_CHECKS=@OLD_UNIQUE_CHECKS */;
/*!40101 SET CHARACTER_SET_CLIENT=@OLD_CHARACTER_SET_CLIENT */;
/*!40101 SET CHARACTER_SET_RESULTS=@OLD_CHARACTER_SET_RESULTS */;
/*!40101 SET COLLATION_CONNECTION=@OLD_COLLATION_CONNECTION */;
/*!40111 SET SQL_NOTES=@OLD_SQL_NOTES */;

-- Dump completed on 2020-04-18 22:37:54
